{
  "model_name": "zoobot",
  "architecture": "EfficientNet-B0",
  "pretrained": "ImageNet",
  "params_total": 4035730,
  "params_trainable": 4035730,
  "training": {
    "batch_size": 64,
    "lr_probe": 0.001,
    "lr_finetune": 5e-05,
    "linear_probe_epochs": 5,
    "finetune_epochs": 25,
    "total_epochs_trained": 30,
    "best_epoch": 30,
    "best_val_loss": 26.823438307818243,
    "training_time_min": 177.26737635533016
  },
  "metrics_no_tta": {
    "mse": 0.011609988287091255,
    "mae": 0.08131825178861618,
    "r2": 0.876379668712616,
    "pearson_r": 0.9729167819023132,
    "pearson_p": 0.0,
    "spearman_r": 0.9414029956622119,
    "spearman_p": 0.0,
    "accuracy_mean": 0.9624599739494419,
    "f1_weighted_mean": 0.9625257796955147
  },
  "metrics_tta": {
    "mse": 0.011231486685574055,
    "mae": 0.08026285469532013,
    "r2": 0.880409836769104,
    "pearson_r": 0.9742217659950256,
    "pearson_p": 0.0,
    "spearman_r": 0.9429890389918122,
    "spearman_p": 0.0,
    "accuracy_mean": 0.9652481095276454,
    "f1_weighted_mean": 0.9651481768634353
  },
  "per_question_tta": {
    "smooth-or-featured": {
      "n_valid": 19572,
      "mse": 0.012110179290175438,
      "mae": 0.08998697251081467,
      "r2": 0.8632371425628662,
      "pearson_r": 0.9782196879386902,
      "spearman_r": 0.9200312618689445,
      "accuracy": 0.9653075822603719,
      "f1_weighted": 0.965317057591986
    },
    "disk-edge-on": {
      "n_valid": 8107,
      "mse": 0.003120367880910635,
      "mae": 0.04141344130039215,
      "r2": 0.983944833278656,
      "pearson_r": 0.9956257343292236,
      "spearman_r": 0.9398279126644354,
      "accuracy": 0.9918588873812755,
      "f1_weighted": 0.991848017434686
    },
    "has-spiral-arms": {
      "n_valid": 6188,
      "mse": 0.010012669488787651,
      "mae": 0.07758829742670059,
      "r2": 0.92218416929245,
      "pearson_r": 0.9786203503608704,
      "spearman_r": 0.9858898625141918,
      "accuracy": 0.967032967032967,
      "f1_weighted": 0.9666485435243339
    },
    "bar": {
      "n_valid": 6188,
      "mse": 0.010793067514896393,
      "mae": 0.08456974476575851,
      "r2": 0.8303755521774292,
      "pearson_r": 0.9712467193603516,
      "spearman_r": 0.9755450186077788,
      "accuracy": 0.9343891402714932,
      "f1_weighted": 0.9344249077268856
    },
    "bulge-size": {
      "n_valid": 6188,
      "mse": 0.01683441549539566,
      "mae": 0.09414037317037582,
      "r2": 0.6672484874725342,
      "pearson_r": 0.9609307646751404,
      "spearman_r": 0.9598834237288529,
      "accuracy": 0.9702650290885585,
      "f1_weighted": 0.9700585413464394
    },
    "how-rounded": {
      "n_valid": 8915,
      "mse": 0.01153700053691864,
      "mae": 0.07884218543767929,
      "r2": 0.8986554145812988,
      "pearson_r": 0.9747287034988403,
      "spearman_r": 0.9355881218767818,
      "accuracy": 0.9578238923163208,
      "f1_weighted": 0.9578276835428438
    },
    "merging": {
      "n_valid": 19572,
      "mse": 0.01023027952760458,
      "mae": 0.07541810721158981,
      "r2": 0.8469885587692261,
      "pearson_r": 0.9742053151130676,
      "spearman_r": 0.9348200206888667,
      "accuracy": 0.9700592683425301,
      "f1_weighted": 0.9699124868768725
    }
  },
  "bootstrap_ci": {
    "mse": {
      "point": 0.011231486685574055,
      "ci_lower": 0.011159550747834146,
      "ci_upper": 0.011308348178863526
    },
    "r2": {
      "point": 0.880409836769104,
      "ci_lower": 0.8792898923158645,
      "ci_upper": 0.881382343173027
    }
  }
}